"fullName","cluster","trend","loc_size","generalProjectCategory"
"agalwood/Motrix",4,"Maintaining","medium","No ML"
"ant-design/ant-design",7,"Increasing","large","No ML"
"anuraghazra/github-readme-stats",2,"Decreasing","small","No ML"
"AppFlowy-IO/AppFlowy",6,"Increasing","large","No ML"
"BurntSushi/ripgrep",2,"Decreasing","medium","No ML"
"caddyserver/caddy",6,"Increasing","medium","No ML"
"chartjs/Chart.js",5,"Maintaining","medium","No ML"
"cmusphinx/pocketsphinx",1,"Increasing","medium","No ML"
"coder/code-server",6,"Increasing","small","No ML"
"denoland/deno",6,"Increasing","large","No ML"
"django/django",7,"Increasing","large","No ML"
"etcd-io/etcd",4,"Maintaining","large","No ML"
"expressjs/express",6,"Increasing","medium","No ML"
"facebook/docusaurus",6,"Increasing","large","No ML"
"facebookresearch/fairseq",6,"Increasing","large","No ML"
"fireeye/flare-floss",4,"Maintaining","small","No ML"
"flutter/flutter",1,"Increasing","large","No ML"
"gin-gonic/gin",4,"Maintaining","medium","No ML"
"git/git",7,"Increasing","large","No ML"
"gogs/gogs",1,"Increasing","large","No ML"
"gohugoio/hugo",6,"Increasing","large","No ML"
"google/guava",6,"Increasing","large","No ML"
"google/zx",6,"Increasing","small","No ML"
"h5bp/html5-boilerplate",2,"Decreasing","small","No ML"
"hashicorp/terraform",1,"Increasing","large","No ML"
"hexojs/hexo",4,"Maintaining","medium","No ML"
"Homebrew/brew",2,"Decreasing","large","No ML"
"hoppscotch/hoppscotch",1,"Increasing","medium","No ML"
"hwchase17/langchain",1,"Increasing","medium","No ML"
"jacomyal/sigma.js",4,"Maintaining","small","No ML"
"jekyll/jekyll",7,"Increasing","medium","No ML"
"jesseduffield/lazygit",4,"Maintaining","large","No ML"
"jestjs/jest",2,"Decreasing","large","No ML"
"junegunn/fzf",2,"Decreasing","medium","No ML"
"jwilder/docker-gen",2,"Decreasing","small","No ML"
"Kong/kong",6,"Increasing","large","No ML"
"Leaflet/Leaflet",4,"Maintaining","medium","No ML"
"macbre/analyze-css",2,"Decreasing","small","No ML"
"microsoft/monaco-editor",1,"Increasing","large","No ML"
"microsoft/playwright",2,"Decreasing","large","No ML"
"microsoft/TypeScript",2,"Decreasing","large","No ML"
"mishoo/UglifyJS",7,"Increasing","large","No ML"
"moby/moby",5,"Maintaining","large","No ML"
"mozilla/pdf.js",2,"Decreasing","large","No ML"
"muukii/Pixel",5,"Maintaining","medium","No ML"
"netdata/netdata",6,"Increasing","large","No ML"
"nolimits4web/swiper",3,"Increasing","medium","No ML"
"obsproject/obs-studio",6,"Increasing","large","No ML"
"ofek/hatch",7,"Increasing","medium","No ML"
"ohmyzsh/ohmyzsh",2,"Decreasing","medium","No ML"
"oven-sh/bun",4,"Maintaining","large","No ML"
"p-org/P",5,"Maintaining","large","No ML"
"pallets/flask",1,"Increasing","medium","No ML"
"postcss/postcss-loader",3,"Increasing","small","No ML"
"prest/prest",4,"Maintaining","small","No ML"
"prettier/prettier",2,"Decreasing","large","No ML"
"prometheus/prometheus",6,"Increasing","large","No ML"
"puppeteer/puppeteer",2,"Decreasing","medium","No ML"
"pymc-devs/pymc",4,"Maintaining","medium","No ML"
"rclone/rclone",6,"Increasing","large","No ML"
"reduxjs/redux",2,"Decreasing","small","No ML"
"remix-run/react-router",1,"Increasing","medium","No ML"
"rustdesk/rustdesk",1,"Increasing","large","No ML"
"scrapy/scrapy",6,"Increasing","medium","No ML"
"serverless/serverless",2,"Decreasing","medium","No ML"
"sharkdp/bat",2,"Decreasing","medium","No ML"
"sherlock-project/sherlock",3,"Increasing","small","No ML"
"square/okhttp",4,"Maintaining","medium","No ML"
"square/retrofit",5,"Maintaining","medium","No ML"
"srvrco/getssl",5,"Maintaining","small","No ML"
"strapi/strapi",1,"Increasing","large","No ML"
"streamich/react-use",7,"Increasing","medium","No ML"
"styled-components/styled-components",6,"Increasing","medium","No ML"
"sveltejs/svelte",1,"Increasing","medium","No ML"
"syncthing/syncthing",6,"Increasing","large","No ML"
"tailwindlabs/tailwindcss",1,"Increasing","large","No ML"
"tiangolo/fastapi",3,"Increasing","medium","No ML"
"topjohnwu/Magisk",5,"Maintaining","medium","No ML"
"traefik/traefik",5,"Maintaining","large","No ML"
"TryGhost/Ghost",5,"Maintaining","large","No ML"
"twbs/bootstrap",2,"Decreasing","medium","No ML"
"videojs/video.js",2,"Decreasing","medium","No ML"
"vitejs/vite",4,"Maintaining","medium","No ML"
"vuejs/core",2,"Decreasing","large","No ML"
"vuejs/vue",1,"Increasing","medium","No ML"
"vuetifyjs/vuetify",5,"Maintaining","medium","No ML"
"websocket-client/websocket-client",5,"Maintaining","medium","No ML"
"yahoo/react-stickynode",7,"Increasing","small","No ML"
"yt-dlp/yt-dlp",6,"Increasing","large","No ML"
"ytdl-org/youtube-dl",6,"Increasing","large","No ML"
